081de1824f3e6fc68a935bd1c9380afb,8ed787cc-9717-59b4-976b-1bab643413d5
1cdab224acc9c227c9e87782c0142b76,a738224d-6583-5c52-a54a-5fd688d8e708
2c2d71d674eaed3ee23468e77af12706,b0846472-d29c-52ef-915a-eadbafcf79ca
3a28e7d07cd3880a5ddbb988c2f34bb4,b0846472-d29c-52ef-915a-eadbafcf79ca
499e358b8637b750afb9fb467f5c0b8f,83b04d9b-c15b-597b-abe5-7e194fb3cac5
67e1869dfae30dc31c0c70cba2d1271b,b0846472-d29c-52ef-915a-eadbafcf79ca
c5ad28c7e92c8ef1ebba0c02dc15b26a,a738224d-6583-5c52-a54a-5fd688d8e708
c6861af379c8a376c5754ae3a63ee863,b0846472-d29c-52ef-915a-eadbafcf79ca
d9accdda7461f05dabc6dcc37eb05006,8ed787cc-9717-59b4-976b-1bab643413d5
ef6e810085afb5733da8f657cb35e814,83b04d9b-c15b-597b-abe5-7e194fb3cac5
